{"cameraMode":{"drawMode":0,"name":"Shaded","section":"Shading Mode"},"sceneLighting":true,"audioPlay":false,"sceneViewState":{"showFog":true,"showMaterialUpdate":false,"showSkybox":true,"showFlares":true,"showImageEffects":true,"showParticleSystems":true},"in2DMode":false,"pivot":{"x":-0.8325750231742859,"y":0.14753463864326478,"z":12.554280281066895},"rotation":{"x":0.15862804651260377,"y":-0.010371250100433827,"z":0.001665752730332315,"w":0.9872848987579346},"size":15.529693603515625,"orthographic":false}